Deal Name,domain
Advance Local,N/A
AFC Home Club,https://afchomeclub.com/
Alz info,https://www.alzinfo.org/
America's RV Warranty,https://americasrvwarranty.com/
America's Trucking Warranty,https://americastruckingwarranty.com/
Arash Berelianimd,https://www.berelianimd.com/
Baltimore Therapy Group,https://www.therapistsinbaltimore.com/
Bevcomm,https://www.bevcomm.net/site/
BOSS,https://bossretirement.com
Brand Chemistry,brandchemistry.com.au
Cars4cash,https://cars4cash.com/
Cheqroom,https://www.cheqroom.com/
Clowns4kids,https://clowns4kids.com/
Complete Water Solutions,complete-water.com
CSM - Leading Justice,https://www.leadingjustice.net/
Dark Horse CPAs,https://darkhorse.cpa/
Duncan Law,https://www.duncanlawgroup.com/
Dynamite/Garage - Canada,https://www.dynamiteclothing.com/ca/
Dynamite/Garage - US,https://www.dynamiteclothing.com/us/
Earthwise Packaging Linkbuilding only,https://earthwisepackaging.com/
Elan,https://shopelan.com/
eReleases,https://www.ereleases.com/
Genemco,https://www.genemco.com/
Human design chart,https://freehumandesignchart.com/
Joah Brown,https://www.joahbrown.com/
JS Fly Fishing,https://www.jsflyfishing.com/
Junkra,https://junkra.com/
Kaplan Law,http://www.financialrelief.com/
Loti Labs/Wholesale Peptide,https://lotilabs.com/
Mediagistic,N/A
Michael White Law,https://www.michaelwhiteesq.com/
MinIO,https://min.io/
OFS,https://ofscorp.com/
Oula,https://oulahealth.com/
PADNOS,https://padnos.com/
Pantelope,N/A
Pekas Smith - Arizona Disability Attorneys,https://disabilitylawyerarizona.com/
Penningtons,https://www.penningtons.com/
Pie Insurance,https://www.pieinsurance.com/
Plumbers Stock,https://www.plumbersstock.com/
PowderVitamin,https://www.powdervitamin.com/
Reitmans,https://www.reitmans.com/
Richard Harris Law Firm,https://richardharrislaw.com/
RW&CO,https://www.rw-co.com/
Select-Cannabis,https://select-cannabis.ca/
Shadowline Lingerie,https://www.shadowlinelingerie.com/
Simple Choice Construction,https://simplechoiceconstruction.com/
Sublime SEO,N/A
Supportiv,https://www.supportiv.com/
The Defenders/Abogado Richard Harris,https://www.abogadorichardharris.com/
The Restaurant Warehouse,https://therestaurantwarehouse.com/
Therapy Group of DC,https://therapygroupdc.com/
TrustLayer,https://www.trustlayer.io/
UP,N/A
Want Digital - AskAstrology,https://askastrology.com/
WELD,https://nhcdispensaries.com/
WELD,https://farmacyshop.com/
WELD,https://thepottery.la/
Richmond Street,https://casinobonus.com
Loti Labs,https://lotilabs.com/
Altify,https://altify.com/
Fleshlight (US),https://fleshlight.com/
Fleshlight (CA),https://www.fleshlight.ca/
Fleshlight (AU),https://www.fleshlight.au/
Roto-Rooter (Dallas),https://www.rotorooter.com/dallas/
Roto-Rooter (Portland),https://www.rotorooter.com/portland/
Roto-Rooter (Minneapolis),https://www.rotorooter.com/minneapolis/
JOAH BROWN,https://www.joahbrown.com/
The Nash,https://thenashcasino.com/
Inclusive Therapy Group,https://inclusivetherapygroup.com/
Simple Choice Construction,https://simplechoiceconstruction.com/
Blue Horizons Medical,https://bluehorizonbloodtests.co.uk/
Aventi Group,https://aventigroup.com/
5GStore,https://5gstore.com/